{
  "id": "8ec04736-40d4-25c5-ac76-0ac7b855ef88",
  "name": "wdiot1",
  "values": [
    {
      "enabled": true,
      "key": "number",
      "value": "xx",
      "type": "text"
    },
    {
      "enabled": true,
      "key": "packageId",
      "value": "yy.greenhouse.pkg.xx",
      "type": "text"
    },
    {
      "enabled": true,
      "key": "yourthingId",
      "value": "{id of your thing}",
      "type": "text"
    },
    {
      "enabled": true,
      "key": "locationId",
      "value": "{send create location}",
      "type": "text"
    },
    {
      "enabled": true,
      "key": "tenant",
      "value": "psciot",
      "type": "text"
    },
    {
      "enabled": true,
      "key": "endpoint",
      "value": "flp-iot-sap.cfapps.eu10.hana.ondemand.com",
      "type": "text"
    },
    {
      "enabled": true,
      "key": "packagePrefix",
      "value": "iot.psciot180911114814",
      "type": "text"
    },
    {
      "enabled": true,
      "key": "protocol",
      "value": "https",
      "type": "text"
    },
    {
      "enabled": true,
      "key": "port",
      "value": "443",
      "type": "text"
    },
    {
      "enabled": true,
      "key": "gatewayId",
      "value": "3",
      "type": "text"
    },
    {
      "enabled": true,
      "key": "x-csrf-token",
      "value": "KIE2TJLe-YFanRruT7X7-v4ww2RHOb6yt8-Y",
      "type": "text"
    },
    {
      "enabled": true,
      "key": "currentDate",
      "value": "{do not touch}",
      "type": "text"
    }
  ],
  "timestamp": 1508156406359,
  "_postman_variable_scope": "environment",
  "_postman_exported_at": "2017-10-16T12:20:11.433Z",
  "_postman_exported_using": "Postman/5.3.0"
}